survived,pclass,sex,age,sibsp,parch,fare,embarked,alone,age_fare_ratio,is_high_fare
0,3,male,22.0,1,0,7.25,S,False,3.0344827586206895,False
1,1,female,38.0,1,0,71.2833,C,False,0.5330841866187452,True
1,3,female,26.0,0,0,7.925,S,True,3.280757097791798,False
1,1,female,35.0,1,0,53.1,S,False,0.6591337099811676,True
0,3,male,35.0,0,0,8.05,S,True,4.3478260869565215,False
0,3,male,28.0,0,0,8.4583,Q,True,3.3103578733315207,False
0,1,male,54.0,0,0,51.8625,S,True,1.0412147505422995,True
0,3,male,2.0,3,1,21.075,S,False,0.09489916963226572,False
1,3,female,27.0,0,2,11.1333,S,False,2.425156961547789,False
1,2,female,14.0,1,0,30.0708,C,False,0.465567926360456,False
1,3,female,4.0,1,1,16.7,S,False,0.23952095808383234,False
1,1,female,58.0,0,0,26.55,S,True,2.184557438794727,False
0,3,male,20.0,0,0,8.05,S,True,2.484472049689441,False
0,3,male,39.0,1,5,31.275,S,False,1.2470023980815348,False
0,3,female,14.0,0,0,7.8542,S,True,1.7824858037737772,False
1,2,female,55.0,0,0,16.0,S,True,3.4375,False
0,3,male,2.0,4,1,29.125,Q,False,0.06866952789699571,False
1,2,male,28.0,0,0,13.0,S,True,2.1538461538461537,False
0,3,female,31.0,1,0,18.0,S,False,1.7222222222222223,False
1,3,female,28.0,0,0,7.225,C,True,3.8754325259515574,False
0,2,male,35.0,0,0,26.0,S,True,1.3461538461538463,False
1,2,male,34.0,0,0,13.0,S,True,2.6153846153846154,False
1,3,female,15.0,0,0,8.0292,Q,True,1.8681811388432223,False
1,1,male,28.0,0,0,35.5,S,True,0.7887323943661971,True
0,3,female,8.0,3,1,21.075,S,False,0.37959667852906287,False
1,3,female,38.0,1,5,31.3875,S,False,1.210673038630028,False
0,3,male,28.0,0,0,7.225,C,True,3.8754325259515574,False
0,1,male,19.0,3,2,263.0,S,False,0.07224334600760456,True
1,3,female,28.0,0,0,7.8792,Q,True,3.5536602700781805,False
0,3,male,28.0,0,0,7.8958,S,True,3.5461891131994223,False
0,1,male,40.0,0,0,27.7208,C,True,1.4429597991399958,False
1,1,female,28.0,1,0,146.5208,C,False,0.19109914769780126,True
1,3,female,28.0,0,0,7.75,Q,True,3.6129032258064515,False
0,2,male,66.0,0,0,10.5,S,True,6.285714285714286,False
0,1,male,28.0,1,0,82.1708,C,False,0.3407536497149839,True
0,1,male,42.0,1,0,52.0,S,False,0.8076923076923077,True
1,3,male,28.0,0,0,7.2292,C,True,3.8731809882144637,False
0,3,male,21.0,0,0,8.05,S,True,2.6086956521739126,False
0,3,female,18.0,2,0,18.0,S,False,1.0,False
1,3,female,14.0,1,0,11.2417,C,False,1.2453632457724366,False
0,3,female,40.0,1,0,9.475,S,False,4.221635883905013,False
0,2,female,27.0,1,0,21.0,S,False,1.2857142857142858,False
0,3,male,28.0,0,0,7.8958,C,True,3.5461891131994223,False
1,2,female,3.0,1,2,41.5792,C,False,0.07215146034555739,True
1,3,female,19.0,0,0,7.8792,Q,True,2.4114123261244798,False
0,3,male,28.0,0,0,8.05,S,True,3.4782608695652173,False
0,3,male,28.0,1,0,15.5,Q,False,1.8064516129032258,False
1,3,female,28.0,0,0,7.75,Q,True,3.6129032258064515,False
0,3,male,28.0,2,0,21.6792,C,False,1.2915605741909295,False
0,3,female,18.0,1,0,17.8,S,False,1.0112359550561798,False
0,3,male,7.0,4,1,39.6875,S,False,0.1763779527559055,True
0,3,male,21.0,0,0,7.8,S,True,2.6923076923076925,False
1,1,female,49.0,1,0,76.7292,C,False,0.638609551513635,True
1,2,female,29.0,1,0,26.0,S,False,1.1153846153846154,False
0,1,male,65.0,0,1,61.9792,C,False,1.0487389317706586,True
1,1,male,28.0,0,0,35.5,S,True,0.7887323943661971,True
1,2,female,21.0,0,0,10.5,S,True,2.0,False
0,3,male,28.5,0,0,7.2292,C,True,3.942344934432579,False
1,2,female,5.0,1,2,27.75,S,False,0.18018018018018017,False
0,3,male,11.0,5,2,46.9,S,False,0.2345415778251599,True
0,3,male,22.0,0,0,7.2292,C,True,3.0432136335970785,False
1,1,female,38.0,0,0,80.0,S,True,0.475,True
0,1,male,45.0,1,0,83.475,S,False,0.5390835579514826,True
0,3,male,4.0,3,2,27.9,S,False,0.14336917562724016,False
0,1,male,28.0,0,0,27.7208,C,True,1.0100718593979972,False
1,3,male,28.0,1,1,15.2458,C,False,1.8365713835941704,False
1,2,female,29.0,0,0,10.5,S,True,2.761904761904762,False
0,3,male,19.0,0,0,8.1583,S,True,2.3289165634997486,False
1,3,female,17.0,4,2,7.925,S,False,2.145110410094637,False
0,3,male,26.0,2,0,8.6625,S,False,3.0014430014430014,False
0,2,male,32.0,0,0,10.5,S,True,3.0476190476190474,False
0,3,female,16.0,5,2,46.9,S,False,0.3411513859275053,True
0,2,male,21.0,0,0,73.5,S,True,0.2857142857142857,True
0,3,male,26.0,1,0,14.4542,C,False,1.7987851281980325,False
1,3,male,32.0,0,0,56.4958,S,True,0.5664137865115637,True
0,3,male,25.0,0,0,7.65,S,True,3.2679738562091503,False
0,3,male,28.0,0,0,7.8958,S,True,3.5461891131994223,False
0,3,male,28.0,0,0,8.05,S,True,3.4782608695652173,False
1,2,male,0.83,0,2,29.0,S,False,0.028620689655172414,False
1,3,female,30.0,0,0,12.475,S,True,2.404809619238477,False
0,3,male,22.0,0,0,9.0,S,True,2.4444444444444446,False
1,3,male,29.0,0,0,9.5,S,True,3.0526315789473686,False
1,3,female,28.0,0,0,7.7875,Q,True,3.5955056179775284,False
0,1,male,28.0,0,0,47.1,S,True,0.5944798301486199,True
1,2,female,17.0,0,0,10.5,S,True,1.619047619047619,False
1,3,female,33.0,3,0,15.85,S,False,2.082018927444795,False
0,3,male,16.0,1,3,34.375,S,False,0.46545454545454545,True
0,3,male,28.0,0,0,8.05,S,True,3.4782608695652173,False
1,1,female,23.0,3,2,263.0,S,False,0.08745247148288973,True
0,3,male,24.0,0,0,8.05,S,True,2.981366459627329,False
0,3,male,29.0,0,0,8.05,S,True,3.602484472049689,False
0,3,male,20.0,0,0,7.8542,S,True,2.546408291105396,False
0,1,male,46.0,1,0,61.175,S,False,0.7519411524315489,True
0,3,male,26.0,1,2,20.575,S,False,1.2636695018226003,False
0,3,male,59.0,0,0,7.25,S,True,8.137931034482758,False
0,3,male,28.0,0,0,8.05,S,True,3.4782608695652173,False
0,1,male,71.0,0,0,34.6542,C,True,2.048813708006533,True
1,1,male,23.0,0,1,63.3583,C,False,0.3630147904852245,True
1,2,female,34.0,0,1,23.0,S,False,1.4782608695652173,False
0,2,male,34.0,1,0,26.0,S,False,1.3076923076923077,False
0,3,female,28.0,0,0,7.8958,S,True,3.5461891131994223,False
0,3,male,28.0,0,0,7.8958,S,True,3.5461891131994223,False
0,1,male,21.0,0,1,77.2875,S,False,0.27171276079573026,True
0,3,male,33.0,0,0,8.6542,S,True,3.8131774167456265,False
0,3,male,37.0,2,0,7.925,S,False,4.668769716088328,False
0,3,male,28.0,0,0,7.8958,S,True,3.5461891131994223,False
1,3,female,21.0,0,0,7.65,S,True,2.7450980392156863,False
1,3,male,28.0,0,0,7.775,S,True,3.6012861736334405,False
0,3,male,38.0,0,0,7.8958,S,True,4.8126852250563585,False
1,3,female,28.0,1,0,24.15,Q,False,1.1594202898550725,False
0,1,male,47.0,0,0,52.0,S,True,0.9038461538461539,True
0,3,female,14.5,1,0,14.4542,C,False,1.0031686291873643,False
0,3,male,22.0,0,0,8.05,S,True,2.732919254658385,False
0,3,female,20.0,1,0,9.825,S,False,2.035623409669211,False
0,3,female,17.0,0,0,14.4583,C,True,1.1757952179716842,False
0,3,male,21.0,0,0,7.925,S,True,2.6498422712933754,False
0,3,male,70.5,0,0,7.75,Q,True,9.096774193548388,False
0,2,male,29.0,1,0,21.0,S,False,1.380952380952381,False
0,1,male,24.0,0,1,247.5208,C,False,0.09696154828200296,True
0,3,female,2.0,4,2,31.275,S,False,0.0639488409272582,False
0,2,male,21.0,2,0,73.5,S,False,0.2857142857142857,True
0,3,male,28.0,0,0,8.05,S,True,3.4782608695652173,False
0,2,male,32.5,1,0,30.0708,C,False,1.0807826861939158,False
1,2,female,32.5,0,0,13.0,S,True,2.5,False
0,1,male,54.0,0,1,77.2875,S,False,0.6986899563318778,True
1,3,male,12.0,1,0,11.2417,C,False,1.0674542106620886,False
0,3,male,28.0,0,0,7.75,Q,True,3.6129032258064515,False
1,3,male,24.0,0,0,7.1417,S,True,3.3605444081941274,False
1,3,female,28.0,1,1,22.3583,C,False,1.2523313489844934,False
0,3,male,45.0,0,0,6.975,S,True,6.451612903225807,False
0,3,male,33.0,0,0,7.8958,C,True,4.17943716912789,False
0,3,male,20.0,0,0,7.05,S,True,2.8368794326241136,False
0,3,female,47.0,1,0,14.5,S,False,3.2413793103448274,False
1,2,female,29.0,1,0,26.0,S,False,1.1153846153846154,False
0,2,male,25.0,0,0,13.0,S,True,1.9230769230769231,False
0,2,male,23.0,0,0,15.0458,C,True,1.5286658070690824,False
1,1,female,19.0,0,2,26.2833,S,False,0.7228924830595853,False
0,1,male,37.0,1,0,53.1,S,False,0.6967984934086628,True
0,3,male,16.0,0,0,9.2167,S,True,1.7359792550479023,False
0,1,male,24.0,0,0,79.2,C,True,0.30303030303030304,True
0,3,female,28.0,0,2,15.2458,C,False,1.8365713835941704,False
1,3,female,22.0,0,0,7.75,S,True,2.838709677419355,False
1,3,female,24.0,1,0,15.85,S,False,1.5141955835962146,False
0,3,male,19.0,0,0,6.75,Q,True,2.814814814814815,False
0,2,male,18.0,0,0,11.5,S,True,1.565217391304348,False
0,2,male,19.0,1,1,36.75,S,False,0.5170068027210885,True
1,3,male,27.0,0,0,7.7958,S,True,3.4634033710459478,False
0,3,female,9.0,2,2,34.375,S,False,0.26181818181818184,True
0,2,male,36.5,0,2,26.0,S,False,1.4038461538461537,False
0,2,male,42.0,0,0,13.0,S,True,3.230769230769231,False
0,2,male,51.0,0,0,12.525,S,True,4.07185628742515,False
1,1,female,22.0,1,0,66.6,S,False,0.3303303303303304,True
0,3,male,55.5,0,0,8.05,S,True,6.894409937888198,False
0,3,male,40.5,0,2,14.5,S,False,2.793103448275862,False
0,3,male,28.0,0,0,7.3125,S,True,3.8290598290598292,False
0,1,male,51.0,0,1,61.3792,C,False,0.8309003701579689,True
1,3,female,16.0,0,0,7.7333,Q,True,2.068974435234635,False
0,3,male,30.0,0,0,8.05,S,True,3.726708074534161,False
0,3,male,28.0,0,0,8.6625,S,True,3.2323232323232323,False
0,3,male,28.0,8,2,69.55,S,False,0.402588066139468,True
0,3,male,44.0,0,1,16.1,S,False,2.732919254658385,False
1,2,female,40.0,0,0,15.75,S,True,2.5396825396825395,False
0,3,male,26.0,0,0,7.775,S,True,3.3440514469453375,False
0,3,male,17.0,0,0,8.6625,S,True,1.9624819624819625,False
0,3,male,1.0,4,1,39.6875,S,False,0.025196850393700787,True
1,3,male,9.0,0,2,20.525,S,False,0.438489646772229,False
1,1,female,28.0,0,1,55.0,S,False,0.509090909090909,True
0,3,female,45.0,1,4,27.9,S,False,1.6129032258064517,False
0,1,male,28.0,0,0,25.925,S,True,1.0800385728061717,False
0,3,male,28.0,0,0,56.4958,S,True,0.4956120631976182,True
0,1,male,61.0,0,0,33.5,S,True,1.8208955223880596,True
0,3,male,4.0,4,1,29.125,Q,False,0.13733905579399142,False
1,3,female,1.0,1,1,11.1333,S,False,0.08982062820547367,False
0,3,male,21.0,0,0,7.925,S,True,2.6498422712933754,False
0,1,male,56.0,0,0,30.6958,C,True,1.8243538203923664,False
0,3,male,18.0,1,1,7.8542,S,False,2.2917674619948563,False
0,3,male,28.0,3,1,25.4667,S,False,1.0994750006871719,False
0,1,female,50.0,0,0,28.7125,C,True,1.74140182847192,False
0,2,male,30.0,0,0,13.0,S,True,2.3076923076923075,False
0,3,male,36.0,0,0,0.0,S,True,inf,False
0,3,female,28.0,8,2,69.55,S,False,0.402588066139468,True
0,2,male,28.0,0,0,15.05,C,True,1.8604651162790697,False
0,3,male,9.0,4,2,31.3875,S,False,0.2867383512544803,False
1,2,male,1.0,2,1,39.0,S,False,0.02564102564102564,True
1,3,female,4.0,0,2,22.025,S,False,0.1816118047673099,False
0,1,male,28.0,0,0,50.0,S,True,0.56,True
1,3,female,28.0,1,0,15.5,Q,False,1.8064516129032258,False
1,1,male,45.0,0,0,26.55,S,True,1.694915254237288,False
0,3,male,40.0,1,1,15.5,Q,False,2.5806451612903225,False
0,3,male,36.0,0,0,7.8958,S,True,4.559386002684971,False
1,2,female,32.0,0,0,13.0,S,True,2.4615384615384617,False
0,2,male,19.0,0,0,13.0,S,True,1.4615384615384615,False
1,3,female,19.0,1,0,7.8542,S,False,2.419087876550126,False
1,2,male,3.0,1,1,26.0,S,False,0.11538461538461539,False
1,1,female,44.0,0,0,27.7208,C,True,1.5872557790539956,False
1,1,female,58.0,0,0,146.5208,C,True,0.395848234516874,True
0,3,male,28.0,0,0,7.75,Q,True,3.6129032258064515,False
0,3,male,42.0,0,1,8.4042,S,False,4.997501249375313,False
1,3,female,28.0,0,0,7.75,Q,True,3.6129032258064515,False
0,2,female,24.0,0,0,13.0,S,True,1.8461538461538463,False
0,3,male,28.0,0,0,9.5,S,True,2.9473684210526314,False
0,3,male,28.0,8,2,69.55,S,False,0.402588066139468,True
0,3,male,34.0,0,0,6.4958,S,True,5.23415129776163,False
0,3,male,45.5,0,0,7.225,C,True,6.297577854671281,False
1,3,male,18.0,0,0,8.05,S,True,2.2360248447204967,False
0,3,female,2.0,0,1,10.4625,S,False,0.19115890083632017,False
0,3,male,32.0,1,0,15.85,S,False,2.0189274447949526,False
1,3,male,26.0,0,0,18.7875,C,True,1.383898868928809,False
1,3,female,16.0,0,0,7.75,Q,True,2.064516129032258,False
1,1,male,40.0,0,0,31.0,C,True,1.2903225806451613,False
0,3,male,24.0,0,0,7.05,S,True,3.404255319148936,False
1,2,female,35.0,0,0,21.0,S,True,1.6666666666666667,False
0,3,male,22.0,0,0,7.25,S,True,3.0344827586206895,False
0,2,male,30.0,0,0,13.0,S,True,2.3076923076923075,False
0,3,male,28.0,1,0,7.75,Q,False,3.6129032258064515,False
1,1,female,31.0,1,0,113.275,C,False,0.2736702714632531,True
1,3,female,27.0,0,0,7.925,S,True,3.406940063091483,False
0,2,male,42.0,1,0,27.0,S,False,1.5555555555555556,False
1,1,female,32.0,0,0,76.2917,C,True,0.41944274409929255,True
0,2,male,30.0,0,0,10.5,S,True,2.857142857142857,False
1,3,male,16.0,0,0,8.05,S,True,1.9875776397515525,False
0,2,male,27.0,0,0,13.0,S,True,2.076923076923077,False
0,3,male,51.0,0,0,8.05,S,True,6.335403726708074,False
0,3,male,28.0,0,0,7.8958,S,True,3.5461891131994223,False
1,1,male,38.0,1,0,90.0,S,False,0.4222222222222222,True
0,3,male,22.0,0,0,9.35,S,True,2.3529411764705883,False
1,2,male,19.0,0,0,10.5,S,True,1.8095238095238095,False
0,3,male,20.5,0,0,7.25,S,True,2.8275862068965516,False
0,2,male,18.0,0,0,13.0,S,True,1.3846153846153846,False
0,3,female,28.0,3,1,25.4667,S,False,1.0994750006871719,False
1,1,female,35.0,1,0,83.475,S,False,0.41928721174004197,True
0,3,male,29.0,0,0,7.775,S,True,3.729903536977492,False
0,2,male,59.0,0,0,13.5,S,True,4.37037037037037,False
1,3,female,5.0,4,2,31.3875,S,False,0.15929908403026682,False
0,2,male,24.0,0,0,10.5,S,True,2.2857142857142856,False
0,3,female,28.0,0,0,7.55,S,True,3.708609271523179,False
0,2,male,44.0,1,0,26.0,S,False,1.6923076923076923,False
1,2,female,8.0,0,2,26.25,S,False,0.3047619047619048,False
0,2,male,19.0,0,0,10.5,S,True,1.8095238095238095,False
0,2,male,33.0,0,0,12.275,S,True,2.6883910386965377,False
0,3,female,28.0,1,0,14.4542,C,False,1.9371532149824964,False
1,3,female,28.0,1,0,15.5,Q,False,1.8064516129032258,False
0,2,male,29.0,0,0,10.5,S,True,2.761904761904762,False
0,3,male,22.0,0,0,7.125,S,True,3.087719298245614,False
0,3,male,30.0,0,0,7.225,C,True,4.152249134948097,False
0,1,male,44.0,2,0,90.0,Q,False,0.4888888888888889,True
0,3,female,25.0,0,0,7.775,S,True,3.215434083601286,False
1,2,female,24.0,0,2,14.5,S,False,1.6551724137931034,False
1,1,male,37.0,1,1,52.5542,S,False,0.7040350723633886,True
0,2,male,54.0,1,0,26.0,S,False,2.076923076923077,False
0,3,male,28.0,0,0,7.25,S,True,3.8620689655172415,False
0,3,female,29.0,1,1,10.4625,S,False,2.771804062126643,False
0,1,male,62.0,0,0,26.55,S,True,2.335216572504708,False
0,3,male,30.0,1,0,16.1,S,False,1.8633540372670805,False
0,3,female,41.0,0,2,20.2125,S,False,2.0284477427334573,False
1,3,female,29.0,0,2,15.2458,C,False,1.9021632187225335,False
1,1,female,28.0,0,0,79.2,C,True,0.35353535353535354,True
1,1,female,30.0,0,0,86.5,S,True,0.3468208092485549,True
1,1,female,35.0,0,0,512.3292,C,True,0.06831545030031472,True
1,2,female,50.0,0,1,26.0,S,False,1.9230769230769231,False
0,3,male,28.0,0,0,7.75,Q,True,3.6129032258064515,False
1,3,male,3.0,4,2,31.3875,S,False,0.0955794504181601,False
0,1,male,52.0,1,1,79.65,S,False,0.652856246076585,True
0,1,male,40.0,0,0,0.0,S,True,inf,False
0,3,female,28.0,0,0,7.75,Q,True,3.6129032258064515,False
0,2,male,36.0,0,0,10.5,S,True,3.4285714285714284,False
0,3,male,16.0,4,1,39.6875,S,False,0.4031496062992126,True
1,3,male,25.0,1,0,7.775,S,False,3.215434083601286,False
1,1,female,58.0,0,1,153.4625,S,False,0.37794249409464853,True
1,1,female,35.0,0,0,135.6333,S,True,0.25804872402278795,True
0,1,male,28.0,0,0,31.0,S,True,0.9032258064516129,False
1,3,male,25.0,0,0,0.0,S,True,inf,False
1,2,female,41.0,0,1,19.5,S,False,2.1025641025641026,False
0,1,male,37.0,0,1,29.7,C,False,1.245791245791246,False
1,3,female,28.0,0,0,7.75,Q,True,3.6129032258064515,False
1,1,female,63.0,1,0,77.9583,S,False,0.8081243433989711,True
0,3,female,45.0,0,0,7.75,S,True,5.806451612903226,False
0,2,male,28.0,0,0,0.0,S,True,inf,False
0,3,male,7.0,4,1,29.125,Q,False,0.24034334763948498,False
1,3,female,35.0,1,1,20.25,S,False,1.728395061728395,False
0,3,male,65.0,0,0,7.75,Q,True,8.387096774193548,False
0,3,male,28.0,0,0,7.8542,S,True,3.5649716075475544,False
0,3,male,16.0,0,0,9.5,S,True,1.6842105263157894,False
1,3,male,19.0,0,0,8.05,S,True,2.3602484472049685,False
0,1,male,28.0,0,0,26.0,S,True,1.0769230769230769,False
0,3,male,33.0,0,0,8.6625,C,True,3.8095238095238098,False
1,3,male,30.0,0,0,9.5,S,True,3.1578947368421053,False
0,3,male,22.0,0,0,7.8958,S,True,2.7862914460852606,False
1,2,male,42.0,0,0,13.0,S,True,3.230769230769231,False
1,3,female,22.0,0,0,7.75,Q,True,2.838709677419355,False
1,1,female,26.0,0,0,78.85,S,True,0.3297400126823082,True
1,1,female,19.0,1,0,91.0792,C,False,0.20860964962362427,True
0,2,male,36.0,0,0,12.875,C,True,2.796116504854369,False
0,3,female,24.0,0,0,8.85,S,True,2.7118644067796613,False
0,3,male,24.0,0,0,7.8958,S,True,3.039590668456648,False
0,1,male,28.0,0,0,27.7208,C,True,1.0100718593979972,False
0,3,male,23.5,0,0,7.2292,C,True,3.250705472251425,False
0,1,female,2.0,1,2,151.55,S,False,0.013196964698119432,True
1,1,male,28.0,0,0,30.5,S,True,0.9180327868852459,False
1,1,female,50.0,0,1,247.5208,C,False,0.20200322558750616,True
1,3,female,28.0,0,0,7.75,Q,True,3.6129032258064515,False
1,3,male,28.0,2,0,23.25,Q,False,1.2043010752688172,False
0,3,male,19.0,0,0,0.0,S,True,inf,False
1,2,female,28.0,0,0,12.35,Q,True,2.2672064777327936,False
0,3,male,28.0,0,0,8.05,S,True,3.4782608695652173,False
1,1,male,0.92,1,2,151.55,S,False,0.006070603761134939,True
1,1,female,28.0,0,0,110.8833,C,True,0.25251773711640974,True
1,1,female,17.0,1,0,108.9,C,False,0.15610651974288337,True
0,2,male,30.0,1,0,24.0,C,False,1.25,False
1,1,female,30.0,0,0,56.9292,C,True,0.5269703421091461,True
1,1,female,24.0,0,0,83.1583,C,True,0.2886061884381956,True
1,1,female,18.0,2,2,262.375,C,False,0.06860409718913768,True
0,2,female,26.0,1,1,26.0,S,False,1.0,False
0,3,male,28.0,0,0,7.8958,S,True,3.5461891131994223,False
0,2,male,43.0,1,1,26.25,S,False,1.638095238095238,False
1,3,female,26.0,0,0,7.8542,S,True,3.310330778437015,False
1,2,female,24.0,1,0,26.0,S,False,0.9230769230769231,False
0,2,male,54.0,0,0,14.0,S,True,3.857142857142857,False
1,1,female,31.0,0,2,164.8667,S,False,0.18803069388785,True
1,1,female,40.0,1,1,134.5,C,False,0.29739776951672864,True
0,3,male,22.0,0,0,7.25,S,True,3.0344827586206895,False
0,3,male,27.0,0,0,7.8958,S,True,3.4195395020137287,False
1,2,female,30.0,0,0,12.35,Q,True,2.4291497975708505,False
1,2,female,22.0,1,1,29.0,S,False,0.7586206896551724,False
0,3,male,28.0,8,2,69.55,S,False,0.402588066139468,True
1,1,female,36.0,0,0,135.6333,C,True,0.2654215447091533,True
0,3,male,61.0,0,0,6.2375,S,True,9.779559118236474,False
1,2,female,36.0,0,0,13.0,S,True,2.769230769230769,False
1,3,female,31.0,1,1,20.525,S,False,1.510353227771011,False
1,1,female,16.0,0,1,57.9792,C,False,0.27596103430195656,True
1,3,female,28.0,2,0,23.25,Q,False,1.2043010752688172,False
0,1,male,45.5,0,0,28.5,S,True,1.5964912280701755,False
0,1,male,38.0,0,1,153.4625,S,False,0.2476174961309766,True
0,3,male,16.0,2,0,18.0,S,False,0.8888888888888888,False
1,1,female,28.0,1,0,133.65,S,False,0.20950243172465394,True
0,3,male,28.0,0,0,7.8958,S,True,3.5461891131994223,False
0,1,male,29.0,1,0,66.6,S,False,0.43543543543543545,True
1,1,female,41.0,0,0,134.5,C,True,0.3048327137546468,True
1,3,male,45.0,0,0,8.05,S,True,5.590062111801242,False
0,1,male,45.0,0,0,35.5,S,True,1.267605633802817,True
1,2,male,2.0,1,1,26.0,S,False,0.07692307692307693,False
1,1,female,24.0,3,2,263.0,S,False,0.09125475285171103,True
0,2,male,28.0,0,0,13.0,S,True,2.1538461538461537,False
0,2,male,25.0,0,0,13.0,S,True,1.9230769230769231,False
0,2,male,36.0,0,0,13.0,S,True,2.769230769230769,False
1,2,female,24.0,0,0,13.0,S,True,1.8461538461538463,False
1,2,female,40.0,0,0,13.0,S,True,3.076923076923077,False
1,3,female,28.0,1,0,16.1,S,False,1.7391304347826086,False
1,3,male,3.0,1,1,15.9,S,False,0.18867924528301885,False
0,3,male,42.0,0,0,8.6625,S,True,4.848484848484849,False
0,3,male,23.0,0,0,9.225,S,True,2.4932249322493227,False
0,1,male,28.0,0,0,35.0,S,True,0.8,True
0,3,male,15.0,1,1,7.2292,C,False,2.074918386543463,False
0,3,male,25.0,1,0,17.8,S,False,1.4044943820224718,False
0,3,male,28.0,0,0,7.225,C,True,3.8754325259515574,False
0,3,male,28.0,0,0,9.5,S,True,2.9473684210526314,False
1,1,female,22.0,0,1,55.0,S,False,0.4,True
0,2,female,38.0,0,0,13.0,S,True,2.923076923076923,False
1,3,female,28.0,0,0,7.8792,Q,True,3.5536602700781805,False
1,3,female,28.0,0,0,7.8792,Q,True,3.5536602700781805,False
0,3,male,40.0,1,4,27.9,S,False,1.4336917562724014,False
0,2,male,29.0,1,0,27.7208,C,False,1.046145854376497,False
0,3,female,45.0,0,1,14.4542,C,False,3.1132819526504405,False
0,3,male,35.0,0,0,7.05,S,True,4.964539007092199,False
0,3,male,28.0,1,0,15.5,Q,False,1.8064516129032258,False
0,3,male,30.0,0,0,7.25,S,True,4.137931034482759,False
1,1,female,60.0,1,0,75.25,C,False,0.7973421926910299,True
1,3,female,28.0,0,0,7.2292,C,True,3.8731809882144637,False
1,3,female,28.0,0,0,7.75,Q,True,3.6129032258064515,False
1,1,female,24.0,0,0,69.3,C,True,0.34632034632034636,True
1,1,male,25.0,1,0,55.4417,C,False,0.4509241238995197,True
0,3,male,18.0,1,0,6.4958,S,False,2.771021275285569,False
0,3,male,19.0,0,0,8.05,S,True,2.3602484472049685,False
0,1,male,22.0,0,0,135.6333,C,True,0.16220205510003813,True
0,3,female,3.0,3,1,21.075,S,False,0.1423487544483986,False
1,1,female,28.0,1,0,82.1708,C,False,0.3407536497149839,True
1,3,female,22.0,0,0,7.25,S,True,3.0344827586206895,False
0,1,male,27.0,0,2,211.5,C,False,0.1276595744680851,True
0,3,male,20.0,0,0,4.0125,C,True,4.984423676012461,False
0,3,male,19.0,0,0,7.775,S,True,2.4437299035369775,False
1,1,female,42.0,0,0,227.525,C,True,0.18459509943962202,True
1,3,female,1.0,0,2,15.7417,C,False,0.06352554044353532,False
0,3,male,32.0,0,0,7.925,S,True,4.037854889589905,False
1,1,female,35.0,1,0,52.0,S,False,0.6730769230769231,True
0,3,male,28.0,0,0,7.8958,S,True,3.5461891131994223,False
0,2,male,18.0,0,0,73.5,S,True,0.24489795918367346,True
0,3,male,1.0,5,2,46.9,S,False,0.021321961620469083,True
1,2,female,36.0,0,0,13.0,S,True,2.769230769230769,False
0,3,male,28.0,0,0,7.7292,Q,True,3.6226258862495473,False
1,2,female,17.0,0,0,12.0,C,True,1.4166666666666667,False
1,1,male,36.0,1,2,120.0,S,False,0.3,True
1,3,male,21.0,0,0,7.7958,S,True,2.6937581774801815,False
0,3,male,28.0,2,0,7.925,S,False,3.5331230283911674,False
1,1,female,23.0,1,0,113.275,C,False,0.20304568527918782,True
1,3,female,24.0,0,2,16.7,S,False,1.437125748502994,False
0,3,male,22.0,0,0,7.7958,S,True,2.8220323764078095,False
0,3,female,31.0,0,0,7.8542,S,True,3.9469328512133637,False
0,2,male,46.0,0,0,26.0,S,True,1.7692307692307692,False
0,2,male,23.0,0,0,10.5,S,True,2.1904761904761907,False
1,2,female,28.0,0,0,12.65,S,True,2.2134387351778657,False
1,3,male,39.0,0,0,7.925,S,True,4.921135646687698,False
0,3,male,26.0,0,0,8.05,S,True,3.229813664596273,False
0,3,female,21.0,1,0,9.825,S,False,2.1374045801526718,False
0,3,male,28.0,1,0,15.85,S,False,1.7665615141955837,False
0,3,female,20.0,0,0,8.6625,S,True,2.308802308802309,False
0,2,male,34.0,1,0,21.0,S,False,1.619047619047619,False
0,3,male,51.0,0,0,7.75,S,True,6.580645161290323,False
1,2,male,3.0,1,1,18.75,S,False,0.16,False
0,3,male,21.0,0,0,7.775,S,True,2.70096463022508,False
0,3,female,28.0,3,1,25.4667,S,False,1.0994750006871719,False
0,3,male,28.0,0,0,7.8958,S,True,3.5461891131994223,False
0,3,male,28.0,0,0,6.8583,Q,True,4.082644387093011,False
1,1,female,33.0,1,0,90.0,Q,False,0.36666666666666664,True
0,2,male,28.0,0,0,0.0,S,True,inf,False
1,3,male,44.0,0,0,7.925,S,True,5.55205047318612,False
0,3,female,28.0,0,0,8.05,S,True,3.4782608695652173,False
1,2,female,34.0,1,1,32.5,S,False,1.0461538461538462,True
1,2,female,18.0,0,2,13.0,S,False,1.3846153846153846,False
0,2,male,30.0,0,0,13.0,S,True,2.3076923076923075,False
0,3,female,10.0,0,2,24.15,S,False,0.4140786749482402,False
0,3,male,28.0,0,0,7.8958,C,True,3.5461891131994223,False
0,3,male,21.0,0,0,7.7333,Q,True,2.715528946245458,False
0,3,male,29.0,0,0,7.875,S,True,3.6825396825396823,False
0,3,female,28.0,1,1,14.4,S,False,1.9444444444444444,False
0,3,male,18.0,1,1,20.2125,S,False,0.8905380333951763,False
0,3,male,28.0,0,0,7.25,S,True,3.8620689655172415,False
1,2,female,28.0,1,0,26.0,S,False,1.0769230769230769,False
1,2,female,19.0,0,0,26.0,S,True,0.7307692307692307,False
0,3,male,28.0,0,0,7.75,Q,True,3.6129032258064515,False
1,3,male,32.0,0,0,8.05,S,True,3.975155279503105,False
1,1,male,28.0,0,0,26.55,S,True,1.054613935969868,False
1,3,female,28.0,1,0,16.1,S,False,1.7391304347826086,False
1,2,female,42.0,1,0,26.0,S,False,1.6153846153846154,False
0,3,male,17.0,0,0,7.125,S,True,2.3859649122807016,False
0,1,male,50.0,1,0,55.9,S,False,0.8944543828264758,True
1,1,female,14.0,1,2,120.0,S,False,0.11666666666666667,True
0,3,female,21.0,2,2,34.375,S,False,0.610909090909091,True
1,2,female,24.0,2,3,18.75,S,False,1.28,False
0,1,male,64.0,1,4,263.0,S,False,0.24334600760456274,True
0,2,male,31.0,0,0,10.5,S,True,2.9523809523809526,False
1,2,female,45.0,1,1,26.25,S,False,1.7142857142857142,False
0,3,male,20.0,0,0,9.5,S,True,2.1052631578947367,False
0,3,male,25.0,1,0,7.775,S,False,3.215434083601286,False
1,2,female,28.0,0,0,13.0,S,True,2.1538461538461537,False
1,3,male,28.0,0,0,8.1125,S,True,3.451463790446841,False
1,1,male,4.0,0,2,81.8583,S,False,0.04886492878547441,True
1,2,female,13.0,0,1,19.5,S,False,0.6666666666666666,False
1,1,male,34.0,0,0,26.55,S,True,1.28060263653484,False
1,3,female,5.0,2,1,19.2583,C,False,0.25962831610266746,False
1,1,male,52.0,0,0,30.5,S,True,1.7049180327868851,False
0,2,male,36.0,1,2,27.75,S,False,1.2972972972972974,False
0,3,male,28.0,1,0,19.9667,S,False,1.4023348875878339,False
0,1,male,30.0,0,0,27.75,C,True,1.0810810810810811,False
1,1,male,49.0,1,0,89.1042,C,False,0.5499179612184386,True
0,3,male,28.0,0,0,8.05,S,True,3.4782608695652173,False
1,3,male,29.0,0,0,7.8958,C,True,3.672838724385116,False
0,1,male,65.0,0,0,26.55,S,True,2.4482109227871938,False
1,1,female,28.0,1,0,51.8625,S,False,0.5398891299108219,True
1,2,female,50.0,0,0,10.5,S,True,4.761904761904762,False
0,3,male,28.0,0,0,7.75,Q,True,3.6129032258064515,False
1,1,male,48.0,0,0,26.55,S,True,1.807909604519774,False
0,3,male,34.0,0,0,8.05,S,True,4.22360248447205,False
0,1,male,47.0,0,0,38.5,S,True,1.2207792207792207,True
0,2,male,48.0,0,0,13.0,S,True,3.6923076923076925,False
0,3,male,28.0,0,0,8.05,S,True,3.4782608695652173,False
0,3,male,38.0,0,0,7.05,S,True,5.390070921985815,False
0,2,male,28.0,0,0,0.0,S,True,inf,False
0,1,male,56.0,0,0,26.55,S,True,2.109227871939736,False
0,3,male,28.0,0,0,7.725,Q,True,3.6245954692556634,False
1,3,female,0.75,2,1,19.2583,C,False,0.03894424741540012,False
0,3,male,28.0,0,0,7.25,S,True,3.8620689655172415,False
0,3,male,38.0,0,0,8.6625,S,True,4.386724386724387,False
1,2,female,33.0,1,2,27.75,S,False,1.1891891891891893,False
1,2,female,23.0,0,0,13.7917,C,True,1.6676696853904884,False
0,3,female,22.0,0,0,9.8375,S,True,2.236340533672173,False
0,1,male,28.0,0,0,52.0,S,True,0.5384615384615384,True
0,2,male,34.0,1,0,21.0,S,False,1.619047619047619,False
0,3,male,29.0,1,0,7.0458,S,False,4.115927219052486,False
0,3,male,22.0,0,0,7.5208,S,True,2.925220721199872,False
1,3,female,2.0,0,1,12.2875,S,False,0.16276703967446593,False
0,3,male,9.0,5,2,46.9,S,False,0.19189765458422176,True
0,2,male,28.0,0,0,0.0,S,True,inf,False
0,3,male,50.0,0,0,8.05,S,True,6.211180124223602,False
1,3,female,63.0,0,0,9.5875,S,True,6.571056062581486,False
1,1,male,25.0,1,0,91.0792,C,False,0.27448638108371615,True
0,3,female,28.0,3,1,25.4667,S,False,1.0994750006871719,False
1,1,female,35.0,1,0,90.0,S,False,0.3888888888888889,True
0,1,male,58.0,0,0,29.7,C,True,1.9528619528619529,False
0,3,male,30.0,0,0,8.05,S,True,3.726708074534161,False
1,3,male,9.0,1,1,15.9,S,False,0.5660377358490566,False
0,3,male,28.0,1,0,19.9667,S,False,1.4023348875878339,False
0,3,male,21.0,0,0,7.25,S,True,2.896551724137931,False
0,1,male,55.0,0,0,30.5,S,True,1.8032786885245902,False
0,1,male,71.0,0,0,49.5042,C,True,1.4342217428016208,True
0,3,male,21.0,0,0,8.05,S,True,2.6086956521739126,False
0,3,male,28.0,0,0,14.4583,C,True,1.9366038884239503,False
1,1,female,54.0,1,0,78.2667,C,False,0.6899485988293872,True
0,3,male,28.0,0,0,15.1,S,True,1.8543046357615895,False
0,1,female,25.0,1,2,151.55,S,False,0.1649620587264929,True
0,3,male,24.0,0,0,7.7958,S,True,3.078580774263065,False
0,3,male,17.0,0,0,8.6625,S,True,1.9624819624819625,False
0,3,female,21.0,0,0,7.75,Q,True,2.7096774193548385,False
0,3,female,28.0,0,0,7.6292,Q,True,3.670109578986001,False
0,3,female,37.0,0,0,9.5875,S,True,3.8591916558018253,False
1,1,female,16.0,0,0,86.5,S,True,0.18497109826589594,True
0,1,male,18.0,1,0,108.9,C,False,0.1652892561983471,True
1,2,female,33.0,0,2,26.0,S,False,1.2692307692307692,False
1,1,male,28.0,0,0,26.55,S,True,1.054613935969868,False
0,3,male,28.0,0,0,22.525,S,True,1.2430632630410656,False
1,3,male,26.0,0,0,56.4958,S,True,0.4602112015406455,True
1,3,male,29.0,0,0,7.75,Q,True,3.7419354838709675,False
0,3,male,28.0,0,0,8.05,S,True,3.4782608695652173,False
1,1,male,36.0,0,0,26.2875,S,True,1.369472182596291,False
1,1,female,54.0,1,0,59.4,C,False,0.9090909090909091,True
0,3,male,24.0,0,0,7.4958,S,True,3.201793004082286,False
0,1,male,47.0,0,0,34.0208,S,True,1.3815077834736396,True
1,2,female,34.0,0,0,10.5,S,True,3.238095238095238,False
0,3,male,28.0,0,0,24.15,Q,True,1.1594202898550725,False
1,2,female,36.0,1,0,26.0,S,False,1.3846153846153846,False
0,3,male,32.0,0,0,7.8958,S,True,4.052787557942197,False
1,1,female,30.0,0,0,93.5,S,True,0.32085561497326204,True
0,3,male,22.0,0,0,7.8958,S,True,2.7862914460852606,False
0,3,male,28.0,0,0,7.225,C,True,3.8754325259515574,False
1,1,female,44.0,0,1,57.9792,C,False,0.7588928443303805,True
0,3,male,28.0,0,0,7.2292,C,True,3.8731809882144637,False
0,3,male,40.5,0,0,7.75,Q,True,5.225806451612903,False
1,2,female,50.0,0,0,10.5,S,True,4.761904761904762,False
0,1,male,28.0,0,0,221.7792,S,True,0.12625169537990938,True
0,3,male,39.0,0,0,7.925,S,True,4.921135646687698,False
0,2,male,23.0,2,1,11.5,S,False,2.0,False
1,2,female,2.0,1,1,26.0,S,False,0.07692307692307693,False
0,3,male,28.0,0,0,7.2292,C,True,3.8731809882144637,False
0,3,male,17.0,1,1,7.2292,C,False,2.3515741714159244,False
1,3,female,28.0,0,2,22.3583,C,False,1.2523313489844934,False
0,3,female,30.0,0,0,8.6625,S,True,3.463203463203463,False
1,2,female,7.0,0,2,26.25,S,False,0.26666666666666666,False
0,1,male,45.0,0,0,26.55,S,True,1.694915254237288,False
1,1,female,30.0,0,0,106.425,C,True,0.28188865398167723,True
0,3,male,28.0,0,0,14.5,S,True,1.9310344827586208,False
1,1,female,22.0,0,2,49.5,C,False,0.4444444444444444,True
1,1,female,36.0,0,2,71.0,S,False,0.5070422535211268,True
0,3,female,9.0,4,2,31.275,S,False,0.28776978417266186,False
0,3,female,11.0,4,2,31.275,S,False,0.3517186250999201,False
1,2,male,32.0,1,0,26.0,S,False,1.2307692307692308,False
0,1,male,50.0,1,0,106.425,C,False,0.4698144233027954,True
0,1,male,64.0,0,0,26.0,S,True,2.4615384615384617,False
1,2,female,19.0,1,0,26.0,S,False,0.7307692307692307,False
1,2,male,28.0,0,0,13.8625,C,True,2.019837691614067,False
0,3,male,33.0,1,1,20.525,S,False,1.607795371498173,False
1,2,male,8.0,1,1,36.75,S,False,0.21768707482993196,True
1,1,male,17.0,0,2,110.8833,C,False,0.15331434039210592,True
0,2,male,27.0,0,0,26.0,S,True,1.0384615384615385,False
0,3,male,28.0,0,0,7.8292,Q,True,3.576355183160476,False
1,3,male,22.0,0,0,7.225,C,True,3.0449826989619377,False
1,3,female,22.0,0,0,7.775,S,True,2.8295819935691315,False
0,1,male,62.0,0,0,26.55,S,True,2.335216572504708,False
1,1,female,48.0,1,0,39.6,C,False,1.2121212121212122,True
0,1,male,28.0,0,0,227.525,C,True,0.12306339962641467,True
1,1,female,39.0,1,1,79.65,S,False,0.48964218455743874,True
1,3,female,36.0,1,0,17.4,S,False,2.0689655172413794,False
0,3,male,28.0,0,0,7.75,Q,True,3.6129032258064515,False
0,3,male,40.0,0,0,7.8958,S,True,5.065984447427746,False
0,2,male,28.0,0,0,13.5,S,True,2.074074074074074,False
0,3,male,28.0,0,0,8.05,S,True,3.4782608695652173,False
0,3,female,28.0,0,0,8.05,S,True,3.4782608695652173,False
0,3,male,24.0,2,0,24.15,S,False,0.9937888198757765,False
0,3,male,19.0,0,0,7.8958,S,True,2.4063426125281793,False
0,3,female,29.0,0,4,21.075,S,False,1.376037959667853,False
0,3,male,28.0,0,0,7.2292,C,True,3.8731809882144637,False
1,3,male,32.0,0,0,7.8542,S,True,4.0742532657686334,False
1,2,male,62.0,0,0,10.5,S,True,5.904761904761905,False
1,1,female,53.0,2,0,51.4792,S,False,1.0295420286251535,True
1,1,male,36.0,0,0,26.3875,S,True,1.3642823306489815,False
1,3,female,28.0,0,0,7.75,Q,True,3.6129032258064515,False
0,3,male,16.0,0,0,8.05,S,True,1.9875776397515525,False
0,3,male,19.0,0,0,14.5,S,True,1.3103448275862069,False
1,2,female,34.0,0,0,13.0,S,True,2.6153846153846154,False
1,1,female,39.0,1,0,55.9,S,False,0.6976744186046512,True
0,3,female,28.0,1,0,14.4583,C,False,1.9366038884239503,False
1,3,male,32.0,0,0,7.925,S,True,4.037854889589905,False
1,2,female,25.0,1,1,30.0,S,False,0.8333333333333334,False
1,1,female,39.0,1,1,110.8833,C,False,0.3517211338407136,True
0,2,male,54.0,0,0,26.0,S,True,2.076923076923077,False
0,1,male,36.0,0,0,40.125,C,True,0.897196261682243,True
0,3,male,28.0,0,0,8.7125,C,True,3.2137733142037304,False
1,1,female,18.0,0,2,79.65,S,False,0.22598870056497172,True
0,2,male,47.0,0,0,15.0,S,True,3.1333333333333333,False
1,1,male,60.0,1,1,79.2,C,False,0.7575757575757576,True
0,3,male,22.0,0,0,8.05,S,True,2.732919254658385,False
0,3,male,28.0,0,0,8.05,S,True,3.4782608695652173,False
0,3,male,35.0,0,0,7.125,S,True,4.912280701754386,False
1,1,female,52.0,1,0,78.2667,C,False,0.6643949470208914,True
0,3,male,47.0,0,0,7.25,S,True,6.482758620689655,False
0,3,female,28.0,0,2,7.75,Q,False,3.6129032258064515,False
0,2,male,37.0,1,0,26.0,S,False,1.4230769230769231,False
0,3,male,36.0,1,1,24.15,S,False,1.4906832298136647,False
1,2,female,28.0,0,0,33.0,S,True,0.8484848484848485,True
0,3,male,49.0,0,0,0.0,S,True,inf,False
0,3,male,28.0,0,0,7.225,C,True,3.8754325259515574,False
1,1,male,49.0,1,0,56.9292,C,False,0.8607182254449386,True
1,2,female,24.0,2,1,27.0,S,False,0.8888888888888888,False
0,3,male,28.0,0,0,7.8958,S,True,3.5461891131994223,False
0,1,male,28.0,0,0,42.4,S,True,0.6603773584905661,True
0,3,male,44.0,0,0,8.05,S,True,5.46583850931677,False
1,1,male,35.0,0,0,26.55,C,True,1.3182674199623352,False
0,3,male,36.0,1,0,15.55,S,False,2.315112540192926,False
0,3,male,30.0,0,0,7.8958,S,True,3.7994883355708096,False
1,1,male,27.0,0,0,30.5,S,True,0.8852459016393442,False
1,2,female,22.0,1,2,41.5792,C,False,0.5291107092007542,True
1,1,female,40.0,0,0,153.4625,S,True,0.2606499959273438,True
0,3,female,39.0,1,5,31.275,S,False,1.2470023980815348,False
0,3,male,28.0,0,0,7.05,S,True,3.971631205673759,False
1,3,female,28.0,1,0,15.5,Q,False,1.8064516129032258,False
0,3,male,28.0,0,0,7.75,Q,True,3.6129032258064515,False
0,3,male,35.0,0,0,8.05,S,True,4.3478260869565215,False
1,2,female,24.0,1,2,65.0,S,False,0.36923076923076925,True
0,3,male,34.0,1,1,14.4,S,False,2.361111111111111,False
0,3,female,26.0,1,0,16.1,S,False,1.6149068322981366,False
1,2,female,4.0,2,1,39.0,S,False,0.10256410256410256,True
0,2,male,26.0,0,0,10.5,S,True,2.4761904761904763,False
0,3,male,27.0,1,0,14.4542,C,False,1.8679691715902644,False
1,1,male,42.0,1,0,52.5542,S,False,0.7991749470070898,True
1,3,male,20.0,1,1,15.7417,C,False,1.2705108088707064,False
0,3,male,21.0,0,0,7.8542,S,True,2.6737287056606656,False
0,3,male,21.0,0,0,16.1,S,True,1.3043478260869563,False
0,1,male,61.0,0,0,32.3208,S,True,1.8873295215464965,True
0,2,male,57.0,0,0,12.35,Q,True,4.615384615384616,False
1,1,female,21.0,0,0,77.9583,S,True,0.26937478113299035,True
0,3,male,26.0,0,0,7.8958,S,True,3.292889890828035,False
0,3,male,28.0,0,0,7.7333,Q,True,3.6207052616606106,False
1,1,male,80.0,0,0,30.0,S,True,2.6666666666666665,False
0,3,male,51.0,0,0,7.0542,S,True,7.229735476737263,False
1,1,male,32.0,0,0,30.5,C,True,1.0491803278688525,False
0,1,male,28.0,0,0,0.0,S,True,inf,False
0,3,female,9.0,3,2,27.9,S,False,0.3225806451612903,False
1,2,female,28.0,0,0,13.0,S,True,2.1538461538461537,False
0,3,male,32.0,0,0,7.925,S,True,4.037854889589905,False
0,2,male,31.0,1,1,26.25,S,False,1.180952380952381,False
0,3,female,41.0,0,5,39.6875,S,False,1.0330708661417323,True
0,3,male,28.0,1,0,16.1,S,False,1.7391304347826086,False
0,3,male,20.0,0,0,7.8542,S,True,2.546408291105396,False
1,1,female,24.0,0,0,69.3,C,True,0.34632034632034636,True
0,3,female,2.0,3,2,27.9,S,False,0.07168458781362008,False
1,3,male,28.0,0,0,56.4958,S,True,0.4956120631976182,True
1,3,female,0.75,2,1,19.2583,C,False,0.03894424741540012,False
1,1,male,48.0,1,0,76.7292,C,False,0.6255767035235608,True
0,3,male,19.0,0,0,7.8958,S,True,2.4063426125281793,False
1,1,male,56.0,0,0,35.5,C,True,1.5774647887323943,True
0,3,male,28.0,0,0,7.55,S,True,3.708609271523179,False
1,3,female,23.0,0,0,7.55,S,True,3.0463576158940397,False
0,3,male,28.0,0,0,7.8958,S,True,3.5461891131994223,False
1,2,female,18.0,0,1,23.0,S,False,0.782608695652174,False
0,3,male,21.0,0,0,8.4333,S,True,2.490128419479919,False
1,3,female,28.0,0,0,7.8292,Q,True,3.576355183160476,False
0,3,female,18.0,0,0,6.75,Q,True,2.6666666666666665,False
0,2,male,24.0,2,0,73.5,S,False,0.32653061224489793,True
0,3,male,28.0,0,0,7.8958,S,True,3.5461891131994223,False
0,3,female,32.0,1,1,15.5,Q,False,2.064516129032258,False
0,2,male,23.0,0,0,13.0,S,True,1.7692307692307692,False
0,1,male,58.0,0,2,113.275,C,False,0.5120282498344736,True
1,1,male,50.0,2,0,133.65,S,False,0.3741114852225963,True
0,3,male,40.0,0,0,7.225,C,True,5.536332179930796,False
0,1,male,47.0,0,0,25.5875,S,True,1.8368343917928678,False
0,3,male,36.0,0,0,7.4958,S,True,4.802689506123429,False
1,3,male,20.0,1,0,7.925,S,False,2.5236593059936907,False
0,2,male,32.0,2,0,73.5,S,False,0.43537414965986393,True
0,2,male,25.0,0,0,13.0,S,True,1.9230769230769231,False
0,3,male,28.0,0,0,7.775,S,True,3.6012861736334405,False
0,3,male,43.0,0,0,8.05,S,True,5.341614906832298,False
1,1,female,28.0,1,0,52.0,S,False,0.5384615384615384,True
1,2,female,40.0,1,1,39.0,S,False,1.0256410256410255,True
0,1,male,31.0,1,0,52.0,S,False,0.5961538461538461,True
0,2,male,70.0,0,0,10.5,S,True,6.666666666666667,False
1,2,male,31.0,0,0,13.0,S,True,2.3846153846153846,False
0,2,male,28.0,0,0,0.0,S,True,inf,False
0,3,male,18.0,0,0,7.775,S,True,2.315112540192926,False
0,3,male,24.5,0,0,8.05,S,True,3.043478260869565,False
1,3,female,18.0,0,0,9.8417,S,True,1.8289523151488056,False
0,3,female,43.0,1,6,46.9,S,False,0.9168443496801706,True
1,1,male,36.0,0,1,512.3292,C,False,0.07026732030889514,True
0,3,female,28.0,0,0,8.1375,Q,True,3.440860215053764,False
1,1,male,27.0,0,0,76.7292,C,True,0.35188689573200294,True
0,3,male,20.0,0,0,9.225,S,True,2.1680216802168024,False
0,3,male,14.0,5,2,46.9,S,False,0.2985074626865672,True
0,2,male,60.0,1,1,39.0,S,False,1.5384615384615385,True
0,2,male,25.0,1,2,41.5792,C,False,0.6012621695463116,True
0,3,male,14.0,4,1,39.6875,S,False,0.352755905511811,True
0,3,male,19.0,0,0,10.1708,S,True,1.8680929720375978,False
0,3,male,18.0,0,0,7.7958,S,True,2.3089355806972987,False
1,1,female,15.0,0,1,211.3375,S,False,0.07097651860176259,True
1,1,male,31.0,1,0,57.0,S,False,0.543859649122807,True
1,3,female,4.0,0,1,13.4167,C,False,0.2981359052524093,False
1,3,male,28.0,0,0,56.4958,S,True,0.4956120631976182,True
0,3,male,25.0,0,0,7.225,C,True,3.4602076124567476,False
0,1,male,60.0,0,0,26.55,S,True,2.2598870056497176,False
0,2,male,52.0,0,0,13.5,S,True,3.8518518518518516,False
0,3,male,44.0,0,0,8.05,S,True,5.46583850931677,False
1,3,female,28.0,0,0,7.7333,Q,True,3.6207052616606106,False
0,1,male,49.0,1,1,110.8833,C,False,0.4419060399537171,True
0,3,male,42.0,0,0,7.65,S,True,5.490196078431373,False
1,1,female,18.0,1,0,227.525,C,False,0.07911218547412371,True
1,1,male,35.0,0,0,26.2875,S,True,1.3314312886352828,False
0,3,female,18.0,0,1,14.4542,C,False,1.2453127810601763,False
0,3,male,25.0,0,0,7.7417,Q,True,3.2292648901404086,False
0,3,male,26.0,1,0,7.8542,S,False,3.310330778437015,False
0,2,male,39.0,0,0,26.0,S,True,1.5,False
1,2,female,45.0,0,0,13.5,S,True,3.3333333333333335,False
1,1,male,42.0,0,0,26.2875,S,True,1.5977175463623394,False
1,1,female,22.0,0,0,151.55,S,True,0.14516661167931375,True
1,3,male,28.0,1,1,15.2458,C,False,1.8365713835941704,False
1,1,female,24.0,0,0,49.5042,C,True,0.4848073496794212,True
0,1,male,28.0,0,0,26.55,S,True,1.054613935969868,False
1,1,male,48.0,1,0,52.0,S,False,0.9230769230769231,True
0,3,male,29.0,0,0,9.4833,S,True,3.0580072337688358,False
0,2,male,52.0,0,0,13.0,S,True,4.0,False
0,3,male,19.0,0,0,7.65,S,True,2.4836601307189543,False
1,1,female,38.0,0,0,227.525,C,True,0.16701461377870563,True
1,2,female,27.0,0,0,10.5,S,True,2.5714285714285716,False
0,3,male,28.0,0,0,15.5,Q,True,1.8064516129032258,False
0,3,male,33.0,0,0,7.775,S,True,4.244372990353698,False
1,2,female,6.0,0,1,33.0,S,False,0.18181818181818182,True
0,3,male,17.0,1,0,7.0542,S,False,2.409911825579088,False
0,2,male,34.0,0,0,13.0,S,True,2.6153846153846154,False
0,2,male,50.0,0,0,13.0,S,True,3.8461538461538463,False
1,1,male,27.0,1,0,53.1,S,False,0.5084745762711864,True
0,3,male,20.0,0,0,8.6625,S,True,2.308802308802309,False
1,2,female,30.0,3,0,21.0,S,False,1.4285714285714286,False
1,3,female,28.0,0,0,7.7375,Q,True,3.618739903069467,False
0,2,male,25.0,1,0,26.0,S,False,0.9615384615384616,False
0,3,female,25.0,1,0,7.925,S,False,3.1545741324921135,False
1,1,female,29.0,0,0,211.3375,S,True,0.137221269296741,True
0,3,male,11.0,0,0,18.7875,C,True,0.5854956753160345,False
0,2,male,28.0,0,0,0.0,S,True,inf,False
0,2,male,23.0,0,0,13.0,S,True,1.7692307692307692,False
0,2,male,23.0,0,0,13.0,S,True,1.7692307692307692,False
0,3,male,28.5,0,0,16.1,S,True,1.7701863354037266,False
0,3,female,48.0,1,3,34.375,S,False,1.3963636363636365,True
1,1,male,35.0,0,0,512.3292,C,True,0.06831545030031472,True
0,3,male,28.0,0,0,7.8958,S,True,3.5461891131994223,False
0,3,male,28.0,0,0,7.8958,S,True,3.5461891131994223,False
1,1,male,28.0,0,0,30.0,S,True,0.9333333333333333,False
0,1,male,36.0,1,0,78.85,S,False,0.456563094483196,True
1,1,female,21.0,2,2,262.375,C,False,0.0800381133873273,True
0,3,male,24.0,1,0,16.1,S,False,1.4906832298136645,False
1,3,male,31.0,0,0,7.925,S,True,3.911671924290221,False
0,1,male,70.0,1,1,71.0,S,False,0.9859154929577465,True
0,3,male,16.0,1,1,20.25,S,False,0.7901234567901234,False
1,2,female,30.0,0,0,13.0,S,True,2.3076923076923075,False
0,1,male,19.0,1,0,53.1,S,False,0.3578154425612053,True
0,3,male,31.0,0,0,7.75,Q,True,4.0,False
1,2,female,4.0,1,1,23.0,S,False,0.17391304347826086,False
1,3,male,6.0,0,1,12.475,S,False,0.4809619238476954,False
0,3,male,33.0,0,0,9.5,S,True,3.473684210526316,False
0,3,male,23.0,0,0,7.8958,S,True,2.912941057270954,False
1,2,female,48.0,1,2,65.0,S,False,0.7384615384615385,True
1,2,male,0.67,1,1,14.5,S,False,0.04620689655172414,False
0,3,male,28.0,0,0,7.7958,S,True,3.5916775699735757,False
0,2,male,18.0,0,0,11.5,S,True,1.565217391304348,False
0,3,male,34.0,0,0,8.05,S,True,4.22360248447205,False
1,1,female,33.0,0,0,86.5,S,True,0.3815028901734104,True
0,3,male,28.0,0,0,14.5,S,True,1.9310344827586208,False
0,3,male,41.0,0,0,7.125,S,True,5.754385964912281,False
1,3,male,20.0,0,0,7.2292,C,True,2.766557848724617,False
1,1,female,36.0,1,2,120.0,S,False,0.3,True
0,3,male,16.0,0,0,7.775,S,True,2.057877813504823,False
1,1,female,51.0,1,0,77.9583,S,False,0.6541958970372623,True
0,1,male,28.0,0,0,39.6,C,True,0.7070707070707071,True
0,3,female,30.5,0,0,7.75,Q,True,3.935483870967742,False
0,3,male,28.0,1,0,24.15,Q,False,1.1594202898550725,False
0,3,male,32.0,0,0,8.3625,S,True,3.82660687593423,False
0,3,male,24.0,0,0,9.5,S,True,2.526315789473684,False
0,3,male,48.0,0,0,7.8542,S,True,6.111379898652951,False
0,2,female,57.0,0,0,10.5,S,True,5.428571428571429,False
0,3,male,28.0,0,0,7.225,C,True,3.8754325259515574,False
1,2,female,54.0,1,3,23.0,S,False,2.347826086956522,False
0,3,male,18.0,0,0,7.75,S,True,2.3225806451612905,False
0,3,male,28.0,0,0,7.75,Q,True,3.6129032258064515,False
1,3,female,5.0,0,0,12.475,S,True,0.40080160320641284,False
0,3,male,28.0,0,0,7.7375,Q,True,3.618739903069467,False
1,1,female,43.0,0,1,211.3375,S,False,0.2034660199917194,True
1,3,female,13.0,0,0,7.2292,C,True,1.798262601671001,False
1,1,female,17.0,1,0,57.0,S,False,0.2982456140350877,True
0,1,male,29.0,0,0,30.0,S,True,0.9666666666666667,False
0,3,male,28.0,1,2,23.45,S,False,1.1940298507462688,False
0,3,male,25.0,0,0,7.05,S,True,3.546099290780142,False
0,3,male,25.0,0,0,7.25,S,True,3.4482758620689653,False
1,3,female,18.0,0,0,7.4958,S,True,2.4013447530617147,False
0,3,male,8.0,4,1,29.125,Q,False,0.27467811158798283,False
1,3,male,1.0,1,2,20.575,S,False,0.04860267314702309,False
0,1,male,46.0,0,0,79.2,C,True,0.5808080808080808,True
0,3,male,28.0,0,0,7.75,Q,True,3.6129032258064515,False
0,2,male,16.0,0,0,26.0,S,True,0.6153846153846154,False
0,3,female,28.0,8,2,69.55,S,False,0.402588066139468,True
0,1,male,28.0,0,0,30.6958,C,True,0.9121769101961832,False
0,3,male,25.0,0,0,7.8958,S,True,3.1662402796423414,False
0,2,male,39.0,0,0,13.0,S,True,3.0,False
1,1,female,49.0,0,0,25.9292,S,True,1.8897613501380681,False
1,3,female,31.0,0,0,8.6833,S,True,3.5700712862621358,False
0,3,male,30.0,0,0,7.2292,C,True,4.149836773086926,False
0,3,female,30.0,1,1,24.15,S,False,1.2422360248447206,False
0,2,male,34.0,0,0,13.0,S,True,2.6153846153846154,False
1,2,female,31.0,1,1,26.25,S,False,1.180952380952381,False
1,1,male,11.0,1,2,120.0,S,False,0.09166666666666666,True
1,3,male,0.42,0,1,8.5167,C,False,0.04931487547993941,False
1,3,male,27.0,0,0,6.975,S,True,3.870967741935484,False
0,3,male,31.0,0,0,7.775,S,True,3.9871382636655945,False
0,1,male,39.0,0,0,0.0,S,True,inf,False
0,3,female,18.0,0,0,7.775,S,True,2.315112540192926,False
0,2,male,39.0,0,0,13.0,S,True,3.0,False
1,1,female,33.0,1,0,53.1,S,False,0.6214689265536723,True
0,3,male,26.0,0,0,7.8875,S,True,3.2963549920760697,False
0,3,male,39.0,0,0,24.15,S,True,1.6149068322981368,False
0,2,male,35.0,0,0,10.5,S,True,3.3333333333333335,False
0,3,female,6.0,4,2,31.275,S,False,0.19184652278177458,False
0,3,male,30.5,0,0,8.05,S,True,3.7888198757763973,False
0,1,male,28.0,0,0,0.0,S,True,inf,False
0,3,female,23.0,0,0,7.925,S,True,2.9022082018927446,False
0,2,male,31.0,1,1,37.0042,C,False,0.8377427427156918,True
0,3,male,43.0,0,0,6.45,S,True,6.666666666666666,False
0,3,male,10.0,3,2,27.9,S,False,0.35842293906810035,False
1,1,female,52.0,1,1,93.5,S,False,0.5561497326203209,True
1,3,male,27.0,0,0,8.6625,S,True,3.116883116883117,False
0,1,male,38.0,0,0,0.0,S,True,inf,False
1,3,female,27.0,0,1,12.475,S,False,2.164328657314629,False
0,3,male,2.0,4,1,39.6875,S,False,0.050393700787401574,True
0,3,male,28.0,0,0,6.95,Q,True,4.028776978417266,False
0,3,male,28.0,0,0,56.4958,S,True,0.4956120631976182,True
1,2,male,1.0,0,2,37.0042,C,False,0.02702395944244167,True
1,3,male,28.0,0,0,7.75,Q,True,3.6129032258064515,False
1,1,female,62.0,0,0,80.0,S,True,0.775,True
1,3,female,15.0,1,0,14.4542,C,False,1.0377606508834802,False
1,2,male,0.83,1,1,18.75,S,False,0.04426666666666666,False
0,3,male,28.0,0,0,7.2292,C,True,3.8731809882144637,False
0,3,male,23.0,0,0,7.8542,S,True,2.9283695347712055,False
0,3,male,18.0,0,0,8.3,S,True,2.1686746987951806,False
1,1,female,39.0,1,1,83.1583,C,False,0.4689850562120678,True
0,3,male,21.0,0,0,8.6625,S,True,2.4242424242424243,False
0,3,male,28.0,0,0,8.05,S,True,3.4782608695652173,False
1,3,male,32.0,0,0,56.4958,S,True,0.5664137865115637,True
1,1,male,28.0,0,0,29.7,C,True,0.9427609427609428,False
0,3,male,20.0,0,0,7.925,S,True,2.5236593059936907,False
0,2,male,16.0,0,0,10.5,S,True,1.5238095238095237,False
1,1,female,30.0,0,0,31.0,C,True,0.967741935483871,False
0,3,male,34.5,0,0,6.4375,C,True,5.359223300970874,False
0,3,male,17.0,0,0,8.6625,S,True,1.9624819624819625,False
0,3,male,42.0,0,0,7.55,S,True,5.562913907284768,False
0,3,male,28.0,8,2,69.55,S,False,0.402588066139468,True
0,3,male,35.0,0,0,7.8958,C,True,4.432736391499278,False
0,2,male,28.0,0,1,33.0,S,False,0.8484848484848485,True
1,1,female,28.0,1,0,89.1042,C,False,0.3142388349819649,True
0,3,male,4.0,4,2,31.275,S,False,0.1278976818545164,False
0,3,male,74.0,0,0,7.775,S,True,9.517684887459806,False
0,3,female,9.0,1,1,15.2458,C,False,0.590326516155269,False
1,1,female,16.0,0,1,39.4,S,False,0.40609137055837563,True
0,2,female,44.0,1,0,26.0,S,False,1.6923076923076923,False
1,3,female,18.0,0,1,9.35,S,False,1.9251336898395723,False
1,1,female,45.0,1,1,164.8667,S,False,0.27294778145010484,True
1,1,male,51.0,0,0,26.55,S,True,1.9209039548022597,False
1,3,female,24.0,0,3,19.2583,C,False,1.2462159172928038,False
0,3,male,28.0,0,0,7.2292,C,True,3.8731809882144637,False
0,3,male,41.0,2,0,14.1083,S,False,2.9060907409113783,False
0,2,male,21.0,1,0,11.5,S,False,1.826086956521739,False
1,1,female,48.0,0,0,25.9292,S,True,1.851194791971985,False
0,3,female,28.0,8,2,69.55,S,False,0.402588066139468,True
0,2,male,24.0,0,0,13.0,S,True,1.8461538461538463,False
1,2,female,42.0,0,0,13.0,S,True,3.230769230769231,False
1,2,female,27.0,1,0,13.8583,C,False,1.9482909159132074,False
0,1,male,31.0,0,0,50.4958,S,True,0.6139124442032803,True
0,3,male,28.0,0,0,9.5,S,True,2.9473684210526314,False
1,3,male,4.0,1,1,11.1333,S,False,0.35928251282189466,False
0,3,male,26.0,0,0,7.8958,S,True,3.292889890828035,False
1,1,female,47.0,1,1,52.5542,S,False,0.894314821650791,True
0,1,male,33.0,0,0,5.0,S,True,6.6,False
0,3,male,47.0,0,0,9.0,S,True,5.222222222222222,False
1,2,female,28.0,1,0,24.0,C,False,1.1666666666666667,False
1,3,female,15.0,0,0,7.225,C,True,2.0761245674740487,False
0,3,male,20.0,0,0,9.8458,S,True,2.0313230006703367,False
0,3,male,19.0,0,0,7.8958,S,True,2.4063426125281793,False
0,3,male,28.0,0,0,7.8958,S,True,3.5461891131994223,False
1,1,female,56.0,0,1,83.1583,C,False,0.6734144396891231,True
1,2,female,25.0,0,1,26.0,S,False,0.9615384615384616,False
0,3,male,33.0,0,0,7.8958,S,True,4.17943716912789,False
0,3,female,22.0,0,0,10.5167,S,True,2.0919109606625654,False
0,2,male,28.0,0,0,10.5,S,True,2.6666666666666665,False
0,3,male,25.0,0,0,7.05,S,True,3.546099290780142,False
0,3,female,39.0,0,5,29.125,Q,False,1.3390557939914163,False
0,2,male,27.0,0,0,13.0,S,True,2.076923076923077,False
1,1,female,19.0,0,0,30.0,S,True,0.6333333333333333,False
0,3,female,28.0,1,2,23.45,S,False,1.1940298507462688,False
1,1,male,26.0,0,0,30.0,C,True,0.8666666666666667,False
0,3,male,32.0,0,0,7.75,Q,True,4.129032258064516,False
